Dose,Prob_ill
0.912332838,0.168393782
1.369985141,0.39119171
1.682020802,0.621761658
1.973254086,0.999