Dose,Prob_ill
2.141361257,0.35162699
2.471204188,0.601000994