Dose,Prob_ill
1.43864381,0.164511533
4.440030817,0.39773118
8.423115337,0.639145423
17.25559433,0.903711194