Dose,Prob_ill
1.939233818,0.430875576
2.235138705,0.670506912
2.531043593,0.801843318