Dose,Prob_ill
2.158986175,0.546082949
2.460658815,0.83640553
2.630397679,0.999